{
  "original_parameters": {
    "joint1": {
      "mass": 0.219145592185789,
      "com": [
        0.0972453617554581,
        0.00156484878616377,
        -0.0260493559799699
      ],
      "inertia": [
        [
          0.000182713492165964,
          -5.78521584164592e-06,
          -1.034158788137e-06
        ],
        [
          -5.78521584164592e-06,
          0.00043314253008301,
          4.07586322729252e-10
        ],
        [
          -1.034158788137e-06,
          4.07586322729252e-10,
          0.00041883794970521
        ]
      ]
    },
    "joint2": {
      "mass": 0.205176736390105,
      "com": [
        0.0825080466061855,
        0.00166828045893919,
        0.0278934439832595
      ],
      "inertia": [
        [
          0.000187049207626281,
          -6.05350664533282e-06,
          1.64036988137815e-07
        ],
        [
          -6.05350664533282e-06,
          0.000376578195515716,
          5.8227758603018e-10
        ],
        [
          1.64036988137815e-07,
          5.8227758603018e-10,
          0.000355597993848653
        ]
      ]
    },
    "joint3": {
      "mass": 0.11661427548332,
      "com": [
        0.0372116448569682,
        -3.34861305351097e-10,
        0.027774369995377
      ],
      "inertia": [
        [
          6.60586267471173e-05,
          2.39199289252103e-13,
          1.63832979594642e-07
        ],
        [
          2.39199289252103e-13,
          0.000105696734713402,
          -7.36491488627532e-13
        ],
        [
          1.63832979594642e-07,
          -7.36491488627532e-13,
          0.00013244668068283
        ]
      ]
    },
    "joint4": {
      "mass": 0.410704670572243,
      "com": [
        0.0339097352536201,
        0.00686739312397486,
        0.140966316411207
      ],
      "inertia": [
        [
          0.00153160074451751,
          -4.606327544183e-05,
          -3.52727030724626e-05
        ],
        [
          -4.606327544183e-05,
          0.00160265009637375,
          -1.59533721181871e-05
        ],
        [
          -3.52727030724626e-05,
          -1.59533721181871e-05,
          0.000386804834876422
        ]
      ]
    },
    "joint5": {
      "mass": 0.171986378004719,
      "com": [
        -0.0313092244531318,
        -0.0442803547879139,
        -0.0023506747970426
      ],
      "inertia": [
        [
          0.000460307251830134,
          -7.59357225870381e-05,
          -0.000171912439320734
        ],
        [
          -7.59357225870381e-05,
          0.000684902297925858,
          -6.90613206908106e-05
        ],
        [
          -0.000171912439320734,
          -6.90613206908106e-05,
          0.000555849026088793
        ]
      ]
    },
    "joint6": {
      "mass": 0.118358483290454,
      "com": [
        3.518711500338779e-05,
        2.3152202124787595e-05,
        0.024950361558461594
      ],
      "inertia": [
        [
          4.12560270414838e-05,
          5.60350826459707e-08,
          -4.76729219706054e-09
        ],
        [
          5.60350826459707e-08,
          4.12684066162184e-05,
          3.44261726860087e-08
        ],
        [
          -4.76729219706054e-09,
          3.44261726860087e-08,
          4.85594060298828e-05
        ]
      ]
    }
  },
  "calibrated_parameters": {
    "joint1": {
      "mass": 0.219145592185789,
      "com": [
        0.0972453617554581,
        0.00156484878616377,
        -0.0260493559799699
      ],
      "inertia": [
        [
          0.000182713492165964,
          -5.78521584164592e-06,
          -1.034158788137e-06
        ],
        [
          -5.78521584164592e-06,
          0.00043314253008301,
          4.07586322729252e-10
        ],
        [
          -1.034158788137e-06,
          4.07586322729252e-10,
          0.00041883794970521
        ]
      ]
    },
    "joint2": {
      "mass": 0.205176736390105,
      "com": [
        0.0825080466061855,
        0.00166828045893919,
        0.0278934439832595
      ],
      "inertia": [
        [
          0.000187049207626281,
          -6.05350664533282e-06,
          1.64036988137815e-07
        ],
        [
          -6.05350664533282e-06,
          0.000376578195515716,
          5.8227758603018e-10
        ],
        [
          1.64036988137815e-07,
          5.8227758603018e-10,
          0.000355597993848653
        ]
      ]
    },
    "joint3": {
      "mass": 0.128275703031652,
      "com": [
        0.0472116448569682,
        -3.34861305351097e-10,
        0.027774369995377
      ],
      "inertia": [
        [
          6.936155808447317e-05,
          2.5115925371470817e-13,
          1.720246285743741e-07
        ],
        [
          2.5115925371470817e-13,
          0.0001109815714490721,
          -7.733160630589086e-13
        ],
        [
          1.720246285743741e-07,
          -7.733160630589086e-13,
          0.0001390690147169715
        ]
      ]
    },
    "joint4": {
      "mass": 0.410704670572243,
      "com": [
        0.0339097352536201,
        0.00686739312397486,
        0.140966316411207
      ],
      "inertia": [
        [
          0.00153160074451751,
          -4.606327544183e-05,
          -3.52727030724626e-05
        ],
        [
          -4.606327544183e-05,
          0.00160265009637375,
          -1.59533721181871e-05
        ],
        [
          -3.52727030724626e-05,
          -1.59533721181871e-05,
          0.000386804834876422
        ]
      ]
    },
    "joint5": {
      "mass": 0.171986378004719,
      "com": [
        -0.0313092244531318,
        -0.0442803547879139,
        -0.0023506747970426
      ],
      "inertia": [
        [
          0.000460307251830134,
          -7.59357225870381e-05,
          -0.000171912439320734
        ],
        [
          -7.59357225870381e-05,
          0.000684902297925858,
          -6.90613206908106e-05
        ],
        [
          -0.000171912439320734,
          -6.90613206908106e-05,
          0.000555849026088793
        ]
      ]
    },
    "joint6": {
      "mass": 0.118358483290454,
      "com": [
        3.518711500338779e-05,
        2.3152202124787595e-05,
        0.024950361558461594
      ],
      "inertia": [
        [
          4.12560270414838e-05,
          5.60350826459707e-08,
          -4.76729219706054e-09
        ],
        [
          5.60350826459707e-08,
          4.12684066162184e-05,
          3.44261726860087e-08
        ],
        [
          -4.76729219706054e-09,
          3.44261726860087e-08,
          4.85594060298828e-05
        ]
      ]
    }
  },
  "performance": {
    "original_rmse": 0.02441704861782731,
    "calibrated_rmse": 0.030579564185893592,
    "improvement_percent": -25.238576801485017
  },
  "test_data_info": {
    "duration": 5.0,
    "sampling_rate": 50,
    "n_samples": 250,
    "noise_level": 0.01
  }
}